n,rank_time,select_time,overhead
100,0.00664,0.046569,126
500,0.00697,0.061518,504
2500,0.00719,0.090367,1728
12500,0.00741,0.093087,7168
62500,0.006429,0.105407,39200
312500,0.0073,0.127846,164540
1562500,0.00733,0.142666,744240
7812500,0.00818,0.161855,3396870
39062500,0.00841,0.182994,15024100
195312500,0.01188,0.220063,69754720
976562500,0.024979,0.312221,325521000
4882812500,0.037569,0.353101,1766601046
